"Chi_Square_Statistic","Degrees_of_Freedom","P_Value","Cramers_V"
871.232407364628,6,6.2152484510544e-185,0.291090619935203
